{
    "0.0": {
        "precision": 0.9575783598110778,
        "recall": 0.8146551724137931,
        "f1-score": 0.8803536888643273,
        "support": 13688
    },
    "1.0": {
        "precision": 0.28191338805547694,
        "recall": 0.6684563758389261,
        "f1-score": 0.3965757515429027,
        "support": 1490
    },
    "accuracy": 0.8003030702332323,
    "macro avg": {
        "precision": 0.6197458739332773,
        "recall": 0.7415557741263596,
        "f1-score": 0.638464720203615,
        "support": 15178
    },
    "weighted avg": {
        "precision": 0.8912494094937866,
        "recall": 0.8003030702332323,
        "f1-score": 0.8328619820117167,
        "support": 15178
    },
    "AUC": 0.7415557741263596
}