{
    "0.0": {
        "precision": 0.8596373404969778,
        "recall": 0.777879064114251,
        "f1-score": 0.8167171797734886,
        "support": 3291
    },
    "1.0": {
        "precision": 0.47860199714693297,
        "recall": 0.6161616161616161,
        "f1-score": 0.5387394620634283,
        "support": 1089
    },
    "accuracy": 0.7376712328767123,
    "macro avg": {
        "precision": 0.6691196688219554,
        "recall": 0.6970203401379336,
        "f1-score": 0.6777283209184584,
        "support": 4380
    },
    "weighted avg": {
        "precision": 0.7649004708832339,
        "recall": 0.7376712328767123,
        "f1-score": 0.7476035417400968,
        "support": 4380
    },
    "AUC": 0.6970203401379336
}