{
    "0.0": {
        "precision": 0.8074585635359116,
        "recall": 0.8881798845335764,
        "f1-score": 0.8458978440167849,
        "support": 3291
    },
    "1.0": {
        "precision": 0.5157894736842106,
        "recall": 0.35996326905417814,
        "f1-score": 0.42401297998918336,
        "support": 1089
    },
    "accuracy": 0.7568493150684932,
    "macro avg": {
        "precision": 0.661624018610061,
        "recall": 0.6240715767938773,
        "f1-score": 0.6349554120029841,
        "support": 4380
    },
    "weighted avg": {
        "precision": 0.7349408377714133,
        "recall": 0.7568493150684932,
        "f1-score": 0.7410045524811553,
        "support": 4380
    },
    "AUC": 0.6240715767938773
}