{
    "0.0": {
        "precision": 0.8062797869358004,
        "recall": 0.8738985110908538,
        "f1-score": 0.8387284922717994,
        "support": 3291
    },
    "1.0": {
        "precision": 0.48954489544895446,
        "recall": 0.3654729109274564,
        "f1-score": 0.41850683491062035,
        "support": 1089
    },
    "accuracy": 0.7474885844748859,
    "macro avg": {
        "precision": 0.6479123411923774,
        "recall": 0.6196857110091551,
        "f1-score": 0.6286176635912099,
        "support": 4380
    },
    "weighted avg": {
        "precision": 0.7275299474770847,
        "recall": 0.7474885844748859,
        "f1-score": 0.7342487240374788,
        "support": 4380
    },
    "AUC": 0.619685711009155
}