{
    "0.0": {
        "precision": 0.8503274087932647,
        "recall": 0.8196573489630298,
        "f1-score": 0.834710743801653,
        "support": 3327
    },
    "1.0": {
        "precision": 0.4884910485933504,
        "recall": 0.5441595441595442,
        "f1-score": 0.5148247978436657,
        "support": 1053
    },
    "accuracy": 0.7534246575342466,
    "macro avg": {
        "precision": 0.6694092286933075,
        "recall": 0.681908446561287,
        "f1-score": 0.6747677708226594,
        "support": 4380
    },
    "weighted avg": {
        "precision": 0.7633379824712305,
        "recall": 0.7534246575342466,
        "f1-score": 0.7578066567939451,
        "support": 4380
    },
    "AUC": 0.681908446561287
}