{
    "0.0": {
        "precision": 0.8357412060301508,
        "recall": 0.8085688240656336,
        "f1-score": 0.821930501930502,
        "support": 3291
    },
    "1.0": {
        "precision": 0.47324414715719065,
        "recall": 0.519742883379247,
        "f1-score": 0.49540481400437636,
        "support": 1089
    },
    "accuracy": 0.7367579908675799,
    "macro avg": {
        "precision": 0.6544926765936707,
        "recall": 0.6641558537224403,
        "f1-score": 0.6586676579674392,
        "support": 4380
    },
    "weighted avg": {
        "precision": 0.7456135126254354,
        "recall": 0.7367579908675799,
        "f1-score": 0.740746375411883,
        "support": 4380
    },
    "AUC": 0.6641558537224402
}