{
    "0.0": {
        "precision": 0.8475918884664132,
        "recall": 0.8128228501975083,
        "f1-score": 0.8298433379866604,
        "support": 3291
    },
    "1.0": {
        "precision": 0.49673202614379086,
        "recall": 0.5583103764921947,
        "f1-score": 0.525724167747514,
        "support": 1089
    },
    "accuracy": 0.7495433789954338,
    "macro avg": {
        "precision": 0.6721619573051021,
        "recall": 0.6855666133448515,
        "f1-score": 0.6777837528670871,
        "support": 4380
    },
    "weighted avg": {
        "precision": 0.7603575528341447,
        "recall": 0.7495433789954338,
        "f1-score": 0.7542301470299411,
        "support": 4380
    },
    "AUC": 0.6855666133448516
}