{
    "0.0": {
        "precision": 0.9504776269482151,
        "recall": 0.8286820572764465,
        "f1-score": 0.8854109749434079,
        "support": 13688
    },
    "1.0": {
        "precision": 0.27712700369913684,
        "recall": 0.6033557046979866,
        "f1-score": 0.37980566117448245,
        "support": 1490
    },
    "accuracy": 0.8065621293978126,
    "macro avg": {
        "precision": 0.613802315323676,
        "recall": 0.7160188809872166,
        "f1-score": 0.6326083180589452,
        "support": 15178
    },
    "weighted avg": {
        "precision": 0.8843758725246332,
        "recall": 0.8065621293978126,
        "f1-score": 0.8357765094330838,
        "support": 15178
    },
    "AUC": 0.7160188809872166
}