{
    "0.0": {
        "precision": 0.9488276299112801,
        "recall": 0.875073056691993,
        "f1-score": 0.9104591061112801,
        "support": 13688
    },
    "1.0": {
        "precision": 0.33046202036021927,
        "recall": 0.5664429530201343,
        "f1-score": 0.41740850642927796,
        "support": 1490
    },
    "accuracy": 0.8447753327184082,
    "macro avg": {
        "precision": 0.6396448251357497,
        "recall": 0.7207580048560636,
        "f1-score": 0.6639338062702791,
        "support": 15178
    },
    "weighted avg": {
        "precision": 0.8881236663962531,
        "recall": 0.8447753327184082,
        "f1-score": 0.8620571168158404,
        "support": 15178
    },
    "AUC": 0.7207580048560636
}