{
    "0.0": {
        "precision": 0.8251533742331288,
        "recall": 0.8173807353388028,
        "f1-score": 0.8212486643260571,
        "support": 3291
    },
    "1.0": {
        "precision": 0.46339285714285716,
        "recall": 0.4765840220385675,
        "f1-score": 0.469895880488909,
        "support": 1089
    },
    "accuracy": 0.732648401826484,
    "macro avg": {
        "precision": 0.6442731156879931,
        "recall": 0.6469823786886851,
        "f1-score": 0.645572272407483,
        "support": 4380
    },
    "weighted avg": {
        "precision": 0.7352088073127394,
        "recall": 0.732648401826484,
        "f1-score": 0.7338917735501087,
        "support": 4380
    },
    "AUC": 0.6469823786886851
}