{
    "0.0": {
        "precision": 0.9324234954608309,
        "recall": 0.6103982997481109,
        "f1-score": 0.7378035727028378,
        "support": 25408
    },
    "1.0": {
        "precision": 0.12203991130820399,
        "recall": 0.5504,
        "f1-score": 0.19978221415607983,
        "support": 2500
    },
    "accuracy": 0.6050236491328651,
    "macro avg": {
        "precision": 0.5272317033845174,
        "recall": 0.5803991498740555,
        "f1-score": 0.46879289342945885,
        "support": 27908
    },
    "weighted avg": {
        "precision": 0.8598292945011932,
        "recall": 0.6050236491328651,
        "f1-score": 0.6896075931856064,
        "support": 27908
    },
    "AUC": 0.5803991498740554
}