{
    "0.0": {
        "precision": 0.8430601753855458,
        "recall": 0.8471589182619265,
        "f1-score": 0.8451045771445892,
        "support": 3291
    },
    "1.0": {
        "precision": 0.5312208760484622,
        "recall": 0.5234159779614325,
        "f1-score": 0.5272895467160036,
        "support": 1089
    },
    "accuracy": 0.7666666666666667,
    "macro avg": {
        "precision": 0.687140525717004,
        "recall": 0.6852874481116795,
        "f1-score": 0.6861970619302964,
        "support": 4380
    },
    "weighted avg": {
        "precision": 0.7655275276736544,
        "recall": 0.7666666666666667,
        "f1-score": 0.7660861825928245,
        "support": 4380
    },
    "AUC": 0.6852874481116794
}