{
    "0.0": {
        "precision": 0.8672391017173051,
        "recall": 0.7892996693718064,
        "f1-score": 0.8264358772619984,
        "support": 3327
    },
    "1.0": {
        "precision": 0.48150887573964496,
        "recall": 0.6182336182336182,
        "f1-score": 0.5413721413721414,
        "support": 1053
    },
    "accuracy": 0.7481735159817352,
    "macro avg": {
        "precision": 0.674373988728475,
        "recall": 0.7037666438027124,
        "f1-score": 0.6839040093170698,
        "support": 4380
    },
    "weighted avg": {
        "precision": 0.7745053282117169,
        "recall": 0.7481735159817352,
        "f1-score": 0.75790343116793,
        "support": 4380
    },
    "AUC": 0.7037666438027123
}