{
    "0.0": {
        "precision": 0.8293484757919904,
        "recall": 0.8432087511394712,
        "f1-score": 0.8362211842700015,
        "support": 3291
    },
    "1.0": {
        "precision": 0.5009671179883946,
        "recall": 0.4756657483930211,
        "f1-score": 0.48798869524258126,
        "support": 1089
    },
    "accuracy": 0.7518264840182648,
    "macro avg": {
        "precision": 0.6651577968901925,
        "recall": 0.6594372497662462,
        "f1-score": 0.6621049397562914,
        "support": 4380
    },
    "weighted avg": {
        "precision": 0.7477029738175348,
        "recall": 0.7518264840182648,
        "f1-score": 0.7496400928200333,
        "support": 4380
    },
    "AUC": 0.6594372497662462
}