{
    "0.0": {
        "precision": 0.9265461338314764,
        "recall": 0.5465994962216625,
        "f1-score": 0.6875758100849074,
        "support": 25408
    },
    "1.0": {
        "precision": 0.10829011533400418,
        "recall": 0.5596,
        "f1-score": 0.18146442700564236,
        "support": 2500
    },
    "accuracy": 0.5477640819836606,
    "macro avg": {
        "precision": 0.5174181245827403,
        "recall": 0.5530997481108313,
        "f1-score": 0.4345201185452749,
        "support": 27908
    },
    "weighted avg": {
        "precision": 0.8532467198195918,
        "recall": 0.5477640819836606,
        "f1-score": 0.6422383277250765,
        "support": 27908
    },
    "AUC": 0.5530997481108313
}