{
    "0.0": {
        "precision": 0.9296644295302013,
        "recall": 0.5451826196473551,
        "f1-score": 0.6873077304753399,
        "support": 25408
    },
    "1.0": {
        "precision": 0.11162361623616236,
        "recall": 0.5808,
        "f1-score": 0.18725818932164046,
        "support": 2500
    },
    "accuracy": 0.5483732263150352,
    "macro avg": {
        "precision": 0.5206440228831819,
        "recall": 0.5629913098236776,
        "f1-score": 0.4372829598984902,
        "support": 27908
    },
    "weighted avg": {
        "precision": 0.8563842936109274,
        "recall": 0.5483732263150352,
        "f1-score": 0.6425132682106042,
        "support": 27908
    },
    "AUC": 0.5629913098236776
}