{
    "0.0": {
        "precision": 0.8598790322580645,
        "recall": 0.7775752051048314,
        "f1-score": 0.81665868836764,
        "support": 3291
    },
    "1.0": {
        "precision": 0.47863247863247865,
        "recall": 0.6170798898071626,
        "f1-score": 0.5391095066185319,
        "support": 1089
    },
    "accuracy": 0.7376712328767123,
    "macro avg": {
        "precision": 0.6692557554452716,
        "recall": 0.697327547455997,
        "f1-score": 0.677884097493086,
        "support": 4380
    },
    "weighted avg": {
        "precision": 0.7650896494045798,
        "recall": 0.7376712328767123,
        "f1-score": 0.7476515972889234,
        "support": 4380
    },
    "AUC": 0.6973275474559969
}