{
    "0.0": {
        "precision": 0.8460117031105636,
        "recall": 0.8347006988757216,
        "f1-score": 0.8403181401040072,
        "support": 3291
    },
    "1.0": {
        "precision": 0.5198587819947044,
        "recall": 0.5408631772268135,
        "f1-score": 0.5301530153015301,
        "support": 1089
    },
    "accuracy": 0.7616438356164383,
    "macro avg": {
        "precision": 0.682935242552634,
        "recall": 0.6877819380512675,
        "f1-score": 0.6852355777027687,
        "support": 4380
    },
    "weighted avg": {
        "precision": 0.7649202576550452,
        "recall": 0.7616438356164383,
        "f1-score": 0.763201742635994,
        "support": 4380
    },
    "AUC": 0.6877819380512675
}