{
    "0.0": {
        "precision": 0.8639500492934604,
        "recall": 0.7902013826269912,
        "f1-score": 0.825431711145997,
        "support": 3327
    },
    "1.0": {
        "precision": 0.4779356768885565,
        "recall": 0.6068376068376068,
        "f1-score": 0.5347280334728034,
        "support": 1053
    },
    "accuracy": 0.7461187214611872,
    "macro avg": {
        "precision": 0.6709428630910085,
        "recall": 0.698519494732299,
        "f1-score": 0.6800798723094001,
        "support": 4380
    },
    "weighted avg": {
        "precision": 0.7711479638728294,
        "recall": 0.7461187214611872,
        "f1-score": 0.7555433612396333,
        "support": 4380
    },
    "AUC": 0.6985194947322991
}